epoch,loss_train/mse_loss,loss_train/stft_loss_magnitude,loss_train/stft_loss_spectral_convergence,loss_train/total_loss,step
0,0.9053133130073547,4.670970439910889,1.0032962560653687,6.579580307006836,9
0,0.3729991018772125,4.818795204162598,1.0052329301834106,6.197027206420898,19
0,0.348747193813324,5.371962547302246,1.0070909261703491,6.727800369262695,29
0,0.4473072588443756,5.490251064300537,1.0127921104431152,6.950350284576416,39
