epoch,loss_train/mse_loss,loss_train/stft_loss_magnitude,loss_train/stft_loss_spectral_convergence,loss_train/total_loss,loss_val/mse_loss,loss_val/stft_loss_magnitude,loss_val/stft_loss_spectral_convergence,loss_val/total_loss,metrics/MAE_test,metrics/MAE_val,step
0,,,,,8.60739517211914,4.3529253005981445,0.9928878545761108,13.953207015991211,,2.4009652137756348,1
1,,,,,14.278437614440918,4.119194984436035,0.997282862663269,19.394916534423828,,3.604823350906372,3
2,,,,,0.6203131675720215,3.872056245803833,0.9657171368598938,5.4580864906311035,,0.622126579284668,5
3,,,,,4.842436790466309,3.858657121658325,0.9966753721237183,9.697769165039062,,2.057779312133789,7
4,5.538575172424316,4.0694732666015625,0.9974392056465149,10.605487823486328,,,,,,,9
4,,,,,5.190232753753662,3.748940944671631,0.9977282285690308,9.936902046203613,,2.2230002880096436,9
5,,,,,,,,,2.2133452892303467,,10
